peptide	model	ic50
GNTTGKENKVLLAMNLHNN	HLA-A*01:01/8	32248.29
GNTTGKENKVLLAMNLHNN	HLA-A*01:01/9	22224.84
GNTTGKENKVLLAMNLHNN	HLA-A*01:01/10	28401.47
GNTTGKENKVLLAMNLHNN	HLA-A*01:01/11	5512.26
GNTTGKENKVLLAMNLHNN	HLA-A*02:01/8	11141.91
GNTTGKENKVLLAMNLHNN	HLA-A*02:01/9	11082.28
GNTTGKENKVLLAMNLHNN	HLA-A*02:01/10	15131.74
GNTTGKENKVLLAMNLHNN	HLA-A*02:01/11	24551.53
GNTTGKENKVLLAMNLHNN	HLA-A*02:03/8	10685.01
GNTTGKENKVLLAMNLHNN	HLA-A*02:03/9	2358.01
GNTTGKENKVLLAMNLHNN	HLA-A*02:03/10	11656.51
GNTTGKENKVLLAMNLHNN	HLA-A*02:03/11	25168.81
GNTTGKENKVLLAMNLHNN	HLA-A*02:06/8	7589.97
GNTTGKENKVLLAMNLHNN	HLA-A*02:06/9	5401.61
GNTTGKENKVLLAMNLHNN	HLA-A*02:06/10	9819.51
GNTTGKENKVLLAMNLHNN	HLA-A*02:06/11	27322.67
GNTTGKENKVLLAMNLHNN	HLA-A*03:01/8	17160.07
GNTTGKENKVLLAMNLHNN	HLA-A*03:01/9	2056.87
GNTTGKENKVLLAMNLHNN	HLA-A*03:01/10	8306.45
GNTTGKENKVLLAMNLHNN	HLA-A*03:01/11	21531.78
GNTTGKENKVLLAMNLHNN	HLA-A*11:01/8	15331.81
GNTTGKENKVLLAMNLHNN	HLA-A*11:01/9	3633.18
GNTTGKENKVLLAMNLHNN	HLA-A*11:01/10	15252.23
GNTTGKENKVLLAMNLHNN	HLA-A*11:01/11	28803.14
GNTTGKENKVLLAMNLHNN	HLA-A*23:01/8	30716.42
GNTTGKENKVLLAMNLHNN	HLA-A*23:01/9	13290.57
GNTTGKENKVLLAMNLHNN	HLA-A*23:01/10	21223.01
GNTTGKENKVLLAMNLHNN	HLA-A*23:01/11	37629.48
GNTTGKENKVLLAMNLHNN	HLA-A*24:02/8	35036.41
GNTTGKENKVLLAMNLHNN	HLA-A*24:02/9	27142.34
GNTTGKENKVLLAMNLHNN	HLA-A*24:02/10	25331.36
GNTTGKENKVLLAMNLHNN	HLA-A*24:02/11	39285.72
GNTTGKENKVLLAMNLHNN	HLA-A*26:01/8	23523.07
GNTTGKENKVLLAMNLHNN	HLA-A*26:01/9	24532.41
GNTTGKENKVLLAMNLHNN	HLA-A*26:01/10	25282.63
GNTTGKENKVLLAMNLHNN	HLA-A*26:01/11	26584.89
GNTTGKENKVLLAMNLHNN	HLA-A*30:01/8	14319.53
GNTTGKENKVLLAMNLHNN	HLA-A*30:01/9	1960.41
GNTTGKENKVLLAMNLHNN	HLA-A*30:01/10	12330.07
GNTTGKENKVLLAMNLHNN	HLA-A*30:01/11	32743.32
GNTTGKENKVLLAMNLHNN	HLA-A*30:02/8	14535.26
GNTTGKENKVLLAMNLHNN	HLA-A*30:02/9	1008.49
GNTTGKENKVLLAMNLHNN	HLA-A*30:02/10	5819.18
GNTTGKENKVLLAMNLHNN	HLA-A*30:02/11	11977.02
GNTTGKENKVLLAMNLHNN	HLA-A*31:01/8	16760.05
GNTTGKENKVLLAMNLHNN	HLA-A*31:01/9	1674.66
GNTTGKENKVLLAMNLHNN	HLA-A*31:01/10	5342.15
GNTTGKENKVLLAMNLHNN	HLA-A*31:01/11	16959.07
GNTTGKENKVLLAMNLHNN	HLA-A*32:01/8	8622.38
GNTTGKENKVLLAMNLHNN	HLA-A*32:01/9	5072.01
GNTTGKENKVLLAMNLHNN	HLA-A*32:01/10	20600.82
GNTTGKENKVLLAMNLHNN	HLA-A*32:01/11	34283.41
GNTTGKENKVLLAMNLHNN	HLA-A*33:01/8	31789.96
GNTTGKENKVLLAMNLHNN	HLA-A*33:01/9	13062.32
GNTTGKENKVLLAMNLHNN	HLA-A*33:01/10	14747.54
GNTTGKENKVLLAMNLHNN	HLA-A*33:01/11	16246.02
GNTTGKENKVLLAMNLHNN	HLA-A*68:01/8	9713.21
GNTTGKENKVLLAMNLHNN	HLA-A*68:01/9	10770.9
GNTTGKENKVLLAMNLHNN	HLA-A*68:01/10	12763.35
GNTTGKENKVLLAMNLHNN	HLA-A*68:01/11	29783.7
GNTTGKENKVLLAMNLHNN	HLA-A*68:02/8	17805.03
GNTTGKENKVLLAMNLHNN	HLA-A*68:02/9	349.04
GNTTGKENKVLLAMNLHNN	HLA-A*68:02/10	2355.15
GNTTGKENKVLLAMNLHNN	HLA-A*68:02/11	8752.85
GNTTGKENKVLLAMNLHNN	HLA-B*07:02/8	22918.13
GNTTGKENKVLLAMNLHNN	HLA-B*07:02/9	7887.09
GNTTGKENKVLLAMNLHNN	HLA-B*07:02/10	20739.71
GNTTGKENKVLLAMNLHNN	HLA-B*07:02/11	26404.85
GNTTGKENKVLLAMNLHNN	HLA-B*08:01/8	3736.24
GNTTGKENKVLLAMNLHNN	HLA-B*08:01/9	6499.93
GNTTGKENKVLLAMNLHNN	HLA-B*08:01/10	8424.93
GNTTGKENKVLLAMNLHNN	HLA-B*08:01/11	15509.17
GNTTGKENKVLLAMNLHNN	HLA-B*15:01/8	24103.01
GNTTGKENKVLLAMNLHNN	HLA-B*15:01/9	759.52
GNTTGKENKVLLAMNLHNN	HLA-B*15:01/10	3053.93
GNTTGKENKVLLAMNLHNN	HLA-B*15:01/11	23257.6
GNTTGKENKVLLAMNLHNN	HLA-B*35:01/8	29546.83
GNTTGKENKVLLAMNLHNN	HLA-B*35:01/9	11727.74
GNTTGKENKVLLAMNLHNN	HLA-B*35:01/10	30977.08
GNTTGKENKVLLAMNLHNN	HLA-B*35:01/11	27519.67
GNTTGKENKVLLAMNLHNN	HLA-B*40:01/8	3554.41
GNTTGKENKVLLAMNLHNN	HLA-B*40:01/9	35.41
GNTTGKENKVLLAMNLHNN	HLA-B*40:01/10	82.43
GNTTGKENKVLLAMNLHNN	HLA-B*40:01/11	748.66
GNTTGKENKVLLAMNLHNN	HLA-B*44:02/8	5274.27
GNTTGKENKVLLAMNLHNN	HLA-B*44:02/9	76.17
GNTTGKENKVLLAMNLHNN	HLA-B*44:02/10	457.55
GNTTGKENKVLLAMNLHNN	HLA-B*44:02/11	3616.24
GNTTGKENKVLLAMNLHNN	HLA-B*44:03/8	3655.54
GNTTGKENKVLLAMNLHNN	HLA-B*44:03/9	158.09
GNTTGKENKVLLAMNLHNN	HLA-B*44:03/10	582.61
GNTTGKENKVLLAMNLHNN	HLA-B*44:03/11	3477.08
GNTTGKENKVLLAMNLHNN	HLA-B*51:01/8	23829.96
GNTTGKENKVLLAMNLHNN	HLA-B*51:01/9	25846.04
GNTTGKENKVLLAMNLHNN	HLA-B*51:01/10	33826.88
GNTTGKENKVLLAMNLHNN	HLA-B*51:01/11	38406.48
GNTTGKENKVLLAMNLHNN	HLA-B*53:01/8	31651.3
GNTTGKENKVLLAMNLHNN	HLA-B*53:01/9	18921.09
GNTTGKENKVLLAMNLHNN	HLA-B*53:01/10	29887.0
GNTTGKENKVLLAMNLHNN	HLA-B*53:01/11	40623.11
GNTTGKENKVLLAMNLHNN	HLA-B*57:01/8	20537.84
GNTTGKENKVLLAMNLHNN	HLA-B*57:01/9	2752.94
GNTTGKENKVLLAMNLHNN	HLA-B*57:01/10	6789.92
GNTTGKENKVLLAMNLHNN	HLA-B*57:01/11	20207.43
GNTTGKENKVLLAMNLHNN	HLA-B*58:01/8	27469.4
GNTTGKENKVLLAMNLHNN	HLA-B*58:01/9	6747.66
GNTTGKENKVLLAMNLHNN	HLA-B*58:01/10	15231.45
GNTTGKENKVLLAMNLHNN	HLA-B*58:01/11	26571.66
AGIGWLITFCSKGGVSQLI	HLA-A*01:01/8	22997.86
AGIGWLITFCSKGGVSQLI	HLA-A*01:01/9	15243.81
AGIGWLITFCSKGGVSQLI	HLA-A*01:01/10	20134.32
AGIGWLITFCSKGGVSQLI	HLA-A*01:01/11	20090.8
AGIGWLITFCSKGGVSQLI	HLA-A*02:01/8	14445.74
AGIGWLITFCSKGGVSQLI	HLA-A*02:01/9	4975.96
AGIGWLITFCSKGGVSQLI	HLA-A*02:01/10	4697.02
AGIGWLITFCSKGGVSQLI	HLA-A*02:01/11	431.58
AGIGWLITFCSKGGVSQLI	HLA-A*02:03/8	16782.92
AGIGWLITFCSKGGVSQLI	HLA-A*02:03/9	425.21
AGIGWLITFCSKGGVSQLI	HLA-A*02:03/10	292.69
AGIGWLITFCSKGGVSQLI	HLA-A*02:03/11	79.83
AGIGWLITFCSKGGVSQLI	HLA-A*02:06/8	7753.15
AGIGWLITFCSKGGVSQLI	HLA-A*02:06/9	354.59
AGIGWLITFCSKGGVSQLI	HLA-A*02:06/10	1384.8
AGIGWLITFCSKGGVSQLI	HLA-A*02:06/11	1482.44
AGIGWLITFCSKGGVSQLI	HLA-A*03:01/8	5997.39
AGIGWLITFCSKGGVSQLI	HLA-A*03:01/9	5624.8
AGIGWLITFCSKGGVSQLI	HLA-A*03:01/10	1136.17
AGIGWLITFCSKGGVSQLI	HLA-A*03:01/11	962.59
AGIGWLITFCSKGGVSQLI	HLA-A*11:01/8	11247.53
AGIGWLITFCSKGGVSQLI	HLA-A*11:01/9	2093.31
AGIGWLITFCSKGGVSQLI	HLA-A*11:01/10	677.11
AGIGWLITFCSKGGVSQLI	HLA-A*11:01/11	752.64
AGIGWLITFCSKGGVSQLI	HLA-A*23:01/8	5101.56
AGIGWLITFCSKGGVSQLI	HLA-A*23:01/9	891.49
AGIGWLITFCSKGGVSQLI	HLA-A*23:01/10	8721.56
AGIGWLITFCSKGGVSQLI	HLA-A*23:01/11	23326.4
AGIGWLITFCSKGGVSQLI	HLA-A*24:02/8	15503.13
AGIGWLITFCSKGGVSQLI	HLA-A*24:02/9	2803.74
AGIGWLITFCSKGGVSQLI	HLA-A*24:02/10	11017.0
AGIGWLITFCSKGGVSQLI	HLA-A*24:02/11	22228.45
AGIGWLITFCSKGGVSQLI	HLA-A*26:01/8	28387.65
AGIGWLITFCSKGGVSQLI	HLA-A*26:01/9	12161.01
AGIGWLITFCSKGGVSQLI	HLA-A*26:01/10	15288.58
AGIGWLITFCSKGGVSQLI	HLA-A*26:01/11	22097.28
AGIGWLITFCSKGGVSQLI	HLA-A*30:01/8	12931.83
AGIGWLITFCSKGGVSQLI	HLA-A*30:01/9	234.88
AGIGWLITFCSKGGVSQLI	HLA-A*30:01/10	2000.42
AGIGWLITFCSKGGVSQLI	HLA-A*30:01/11	15402.47
AGIGWLITFCSKGGVSQLI	HLA-A*30:02/8	20500.1
AGIGWLITFCSKGGVSQLI	HLA-A*30:02/9	3915.4
AGIGWLITFCSKGGVSQLI	HLA-A*30:02/10	9786.84
AGIGWLITFCSKGGVSQLI	HLA-A*30:02/11	20505.21
AGIGWLITFCSKGGVSQLI	HLA-A*31:01/8	8539.66
AGIGWLITFCSKGGVSQLI	HLA-A*31:01/9	1552.71
AGIGWLITFCSKGGVSQLI	HLA-A*31:01/10	1054.24
AGIGWLITFCSKGGVSQLI	HLA-A*31:01/11	5686.54
AGIGWLITFCSKGGVSQLI	HLA-A*32:01/8	7055.11
AGIGWLITFCSKGGVSQLI	HLA-A*32:01/9	1635.19
AGIGWLITFCSKGGVSQLI	HLA-A*32:01/10	23036.7
AGIGWLITFCSKGGVSQLI	HLA-A*32:01/11	33570.57
AGIGWLITFCSKGGVSQLI	HLA-A*33:01/8	20552.3
AGIGWLITFCSKGGVSQLI	HLA-A*33:01/9	8805.94
AGIGWLITFCSKGGVSQLI	HLA-A*33:01/10	2336.29
AGIGWLITFCSKGGVSQLI	HLA-A*33:01/11	10128.34
AGIGWLITFCSKGGVSQLI	HLA-A*68:01/8	8760.61
AGIGWLITFCSKGGVSQLI	HLA-A*68:01/9	13939.05
AGIGWLITFCSKGGVSQLI	HLA-A*68:01/10	6943.18
AGIGWLITFCSKGGVSQLI	HLA-A*68:01/11	15549.5
AGIGWLITFCSKGGVSQLI	HLA-A*68:02/8	1305.56
AGIGWLITFCSKGGVSQLI	HLA-A*68:02/9	10.02
AGIGWLITFCSKGGVSQLI	HLA-A*68:02/10	28.63
AGIGWLITFCSKGGVSQLI	HLA-A*68:02/11	156.2
AGIGWLITFCSKGGVSQLI	HLA-B*07:02/8	29587.77
AGIGWLITFCSKGGVSQLI	HLA-B*07:02/9	15313.4
AGIGWLITFCSKGGVSQLI	HLA-B*07:02/10	23204.57
AGIGWLITFCSKGGVSQLI	HLA-B*07:02/11	35691.45
AGIGWLITFCSKGGVSQLI	HLA-B*08:01/8	15912.18
AGIGWLITFCSKGGVSQLI	HLA-B*08:01/9	8828.75
AGIGWLITFCSKGGVSQLI	HLA-B*08:01/10	7614.4
AGIGWLITFCSKGGVSQLI	HLA-B*08:01/11	16888.75
AGIGWLITFCSKGGVSQLI	HLA-B*15:01/8	13586.45
AGIGWLITFCSKGGVSQLI	HLA-B*15:01/9	557.73
AGIGWLITFCSKGGVSQLI	HLA-B*15:01/10	4272.78
AGIGWLITFCSKGGVSQLI	HLA-B*15:01/11	21733.54
AGIGWLITFCSKGGVSQLI	HLA-B*35:01/8	26618.57
AGIGWLITFCSKGGVSQLI	HLA-B*35:01/9	1461.5
AGIGWLITFCSKGGVSQLI	HLA-B*35:01/10	25280.43
AGIGWLITFCSKGGVSQLI	HLA-B*35:01/11	35955.41
AGIGWLITFCSKGGVSQLI	HLA-B*40:01/8	28655.5
AGIGWLITFCSKGGVSQLI	HLA-B*40:01/9	15385.98
AGIGWLITFCSKGGVSQLI	HLA-B*40:01/10	10588.45
AGIGWLITFCSKGGVSQLI	HLA-B*40:01/11	24510.38
AGIGWLITFCSKGGVSQLI	HLA-B*44:02/8	30373.06
AGIGWLITFCSKGGVSQLI	HLA-B*44:02/9	16626.4
AGIGWLITFCSKGGVSQLI	HLA-B*44:02/10	26401.42
AGIGWLITFCSKGGVSQLI	HLA-B*44:02/11	32879.29
AGIGWLITFCSKGGVSQLI	HLA-B*44:03/8	32238.51
AGIGWLITFCSKGGVSQLI	HLA-B*44:03/9	12718.68
AGIGWLITFCSKGGVSQLI	HLA-B*44:03/10	24890.42
AGIGWLITFCSKGGVSQLI	HLA-B*44:03/11	37668.98
AGIGWLITFCSKGGVSQLI	HLA-B*51:01/8	28854.62
AGIGWLITFCSKGGVSQLI	HLA-B*51:01/9	19081.45
AGIGWLITFCSKGGVSQLI	HLA-B*51:01/10	28457.45
AGIGWLITFCSKGGVSQLI	HLA-B*51:01/11	30394.09
AGIGWLITFCSKGGVSQLI	HLA-B*53:01/8	32793.68
AGIGWLITFCSKGGVSQLI	HLA-B*53:01/9	12479.45
AGIGWLITFCSKGGVSQLI	HLA-B*53:01/10	21306.76
AGIGWLITFCSKGGVSQLI	HLA-B*53:01/11	34482.82
AGIGWLITFCSKGGVSQLI	HLA-B*57:01/8	21309.29
AGIGWLITFCSKGGVSQLI	HLA-B*57:01/9	5730.27
AGIGWLITFCSKGGVSQLI	HLA-B*57:01/10	9288.62
AGIGWLITFCSKGGVSQLI	HLA-B*57:01/11	24358.38
AGIGWLITFCSKGGVSQLI	HLA-B*58:01/8	16440.35
AGIGWLITFCSKGGVSQLI	HLA-B*58:01/9	3984.85
AGIGWLITFCSKGGVSQLI	HLA-B*58:01/10	4410.17
AGIGWLITFCSKGGVSQLI	HLA-B*58:01/11	26360.32
LAPGRASLGSRLEDVLWLQ	HLA-A*01:01/8	27462.87
LAPGRASLGSRLEDVLWLQ	HLA-A*01:01/9	19221.94
LAPGRASLGSRLEDVLWLQ	HLA-A*01:01/10	26580.86
LAPGRASLGSRLEDVLWLQ	HLA-A*01:01/11	31091.24
LAPGRASLGSRLEDVLWLQ	HLA-A*02:01/8	591.16
LAPGRASLGSRLEDVLWLQ	HLA-A*02:01/9	375.23
LAPGRASLGSRLEDVLWLQ	HLA-A*02:01/10	1897.84
LAPGRASLGSRLEDVLWLQ	HLA-A*02:01/11	8875.1
LAPGRASLGSRLEDVLWLQ	HLA-A*02:03/8	1814.31
LAPGRASLGSRLEDVLWLQ	HLA-A*02:03/9	21.64
LAPGRASLGSRLEDVLWLQ	HLA-A*02:03/10	168.84
LAPGRASLGSRLEDVLWLQ	HLA-A*02:03/11	6067.69
LAPGRASLGSRLEDVLWLQ	HLA-A*02:06/8	3079.65
LAPGRASLGSRLEDVLWLQ	HLA-A*02:06/9	658.06
LAPGRASLGSRLEDVLWLQ	HLA-A*02:06/10	1597.37
LAPGRASLGSRLEDVLWLQ	HLA-A*02:06/11	18961.26
LAPGRASLGSRLEDVLWLQ	HLA-A*03:01/8	26888.63
LAPGRASLGSRLEDVLWLQ	HLA-A*03:01/9	18437.28
LAPGRASLGSRLEDVLWLQ	HLA-A*03:01/10	13220.57
LAPGRASLGSRLEDVLWLQ	HLA-A*03:01/11	24164.91
LAPGRASLGSRLEDVLWLQ	HLA-A*11:01/8	31116.5
LAPGRASLGSRLEDVLWLQ	HLA-A*11:01/9	14249.67
LAPGRASLGSRLEDVLWLQ	HLA-A*11:01/10	18871.2
LAPGRASLGSRLEDVLWLQ	HLA-A*11:01/11	29008.31
LAPGRASLGSRLEDVLWLQ	HLA-A*23:01/8	23008.8
LAPGRASLGSRLEDVLWLQ	HLA-A*23:01/9	16336.63
LAPGRASLGSRLEDVLWLQ	HLA-A*23:01/10	25166.62
LAPGRASLGSRLEDVLWLQ	HLA-A*23:01/11	26196.27
LAPGRASLGSRLEDVLWLQ	HLA-A*24:02/8	25812.22
LAPGRASLGSRLEDVLWLQ	HLA-A*24:02/9	28702.05
LAPGRASLGSRLEDVLWLQ	HLA-A*24:02/10	22974.98
LAPGRASLGSRLEDVLWLQ	HLA-A*24:02/11	24613.5
LAPGRASLGSRLEDVLWLQ	HLA-A*26:01/8	34655.62
LAPGRASLGSRLEDVLWLQ	HLA-A*26:01/9	25304.79
LAPGRASLGSRLEDVLWLQ	HLA-A*26:01/10	28158.22
LAPGRASLGSRLEDVLWLQ	HLA-A*26:01/11	32078.82
LAPGRASLGSRLEDVLWLQ	HLA-A*30:01/8	23611.56
LAPGRASLGSRLEDVLWLQ	HLA-A*30:01/9	6970.5
LAPGRASLGSRLEDVLWLQ	HLA-A*30:01/10	6201.76
LAPGRASLGSRLEDVLWLQ	HLA-A*30:01/11	23723.21
LAPGRASLGSRLEDVLWLQ	HLA-A*30:02/8	20155.46
LAPGRASLGSRLEDVLWLQ	HLA-A*30:02/9	4280.37
LAPGRASLGSRLEDVLWLQ	HLA-A*30:02/10	14352.73
LAPGRASLGSRLEDVLWLQ	HLA-A*30:02/11	22803.84
LAPGRASLGSRLEDVLWLQ	HLA-A*31:01/8	5848.91
LAPGRASLGSRLEDVLWLQ	HLA-A*31:01/9	5730.46
LAPGRASLGSRLEDVLWLQ	HLA-A*31:01/10	1962.26
LAPGRASLGSRLEDVLWLQ	HLA-A*31:01/11	5648.95
LAPGRASLGSRLEDVLWLQ	HLA-A*32:01/8	10494.36
LAPGRASLGSRLEDVLWLQ	HLA-A*32:01/9	8954.1
LAPGRASLGSRLEDVLWLQ	HLA-A*32:01/10	32807.87
LAPGRASLGSRLEDVLWLQ	HLA-A*32:01/11	34557.89
LAPGRASLGSRLEDVLWLQ	HLA-A*33:01/8	24518.08
LAPGRASLGSRLEDVLWLQ	HLA-A*33:01/9	9556.42
LAPGRASLGSRLEDVLWLQ	HLA-A*33:01/10	14385.84
LAPGRASLGSRLEDVLWLQ	HLA-A*33:01/11	7515.04
LAPGRASLGSRLEDVLWLQ	HLA-A*68:01/8	39774.14
LAPGRASLGSRLEDVLWLQ	HLA-A*68:01/9	27018.69
LAPGRASLGSRLEDVLWLQ	HLA-A*68:01/10	25493.03
LAPGRASLGSRLEDVLWLQ	HLA-A*68:01/11	6627.76
LAPGRASLGSRLEDVLWLQ	HLA-A*68:02/8	30865.67
LAPGRASLGSRLEDVLWLQ	HLA-A*68:02/9	15723.4
LAPGRASLGSRLEDVLWLQ	HLA-A*68:02/10	16148.4
LAPGRASLGSRLEDVLWLQ	HLA-A*68:02/11	33049.79
LAPGRASLGSRLEDVLWLQ	HLA-B*07:02/8	3218.44
LAPGRASLGSRLEDVLWLQ	HLA-B*07:02/9	6467.59
LAPGRASLGSRLEDVLWLQ	HLA-B*07:02/10	961.68
LAPGRASLGSRLEDVLWLQ	HLA-B*07:02/11	399.07
LAPGRASLGSRLEDVLWLQ	HLA-B*08:01/8	2757.83
LAPGRASLGSRLEDVLWLQ	HLA-B*08:01/9	1933.97
LAPGRASLGSRLEDVLWLQ	HLA-B*08:01/10	2122.04
LAPGRASLGSRLEDVLWLQ	HLA-B*08:01/11	8356.57
LAPGRASLGSRLEDVLWLQ	HLA-B*15:01/8	14129.0
LAPGRASLGSRLEDVLWLQ	HLA-B*15:01/9	14548.16
LAPGRASLGSRLEDVLWLQ	HLA-B*15:01/10	5799.19
LAPGRASLGSRLEDVLWLQ	HLA-B*15:01/11	28190.21
LAPGRASLGSRLEDVLWLQ	HLA-B*35:01/8	30322.15
LAPGRASLGSRLEDVLWLQ	HLA-B*35:01/9	6827.41
LAPGRASLGSRLEDVLWLQ	HLA-B*35:01/10	26399.43
LAPGRASLGSRLEDVLWLQ	HLA-B*35:01/11	25119.84
LAPGRASLGSRLEDVLWLQ	HLA-B*40:01/8	17074.14
LAPGRASLGSRLEDVLWLQ	HLA-B*40:01/9	14372.78
LAPGRASLGSRLEDVLWLQ	HLA-B*40:01/10	26454.33
LAPGRASLGSRLEDVLWLQ	HLA-B*40:01/11	34606.15
LAPGRASLGSRLEDVLWLQ	HLA-B*44:02/8	22937.72
LAPGRASLGSRLEDVLWLQ	HLA-B*44:02/9	19296.12
LAPGRASLGSRLEDVLWLQ	HLA-B*44:02/10	30282.48
LAPGRASLGSRLEDVLWLQ	HLA-B*44:02/11	27115.64
LAPGRASLGSRLEDVLWLQ	HLA-B*44:03/8	18639.26
LAPGRASLGSRLEDVLWLQ	HLA-B*44:03/9	12667.19
LAPGRASLGSRLEDVLWLQ	HLA-B*44:03/10	26177.0
LAPGRASLGSRLEDVLWLQ	HLA-B*44:03/11	37415.52
LAPGRASLGSRLEDVLWLQ	HLA-B*51:01/8	21321.29
LAPGRASLGSRLEDVLWLQ	HLA-B*51:01/9	18887.75
LAPGRASLGSRLEDVLWLQ	HLA-B*51:01/10	32379.05
LAPGRASLGSRLEDVLWLQ	HLA-B*51:01/11	30821.29
LAPGRASLGSRLEDVLWLQ	HLA-B*53:01/8	24702.87
LAPGRASLGSRLEDVLWLQ	HLA-B*53:01/9	20566.31
LAPGRASLGSRLEDVLWLQ	HLA-B*53:01/10	3559.1
LAPGRASLGSRLEDVLWLQ	HLA-B*53:01/11	21313.21
LAPGRASLGSRLEDVLWLQ	HLA-B*57:01/8	644.76
LAPGRASLGSRLEDVLWLQ	HLA-B*57:01/9	22.24
LAPGRASLGSRLEDVLWLQ	HLA-B*57:01/10	26.0
LAPGRASLGSRLEDVLWLQ	HLA-B*57:01/11	121.13
LAPGRASLGSRLEDVLWLQ	HLA-B*58:01/8	8174.41
LAPGRASLGSRLEDVLWLQ	HLA-B*58:01/9	411.09
LAPGRASLGSRLEDVLWLQ	HLA-B*58:01/10	57.86
LAPGRASLGSRLEDVLWLQ	HLA-B*58:01/11	1006.79
PDLPDVWLRRPSTHTSGYS	HLA-A*01:01/8	5117.05
PDLPDVWLRRPSTHTSGYS	HLA-A*01:01/9	17326.48
PDLPDVWLRRPSTHTSGYS	HLA-A*01:01/10	19410.46
PDLPDVWLRRPSTHTSGYS	HLA-A*01:01/11	17385.27
PDLPDVWLRRPSTHTSGYS	HLA-A*02:01/8	28158.22
PDLPDVWLRRPSTHTSGYS	HLA-A*02:01/9	22239.28
PDLPDVWLRRPSTHTSGYS	HLA-A*02:01/10	25031.12
PDLPDVWLRRPSTHTSGYS	HLA-A*02:01/11	26126.91
PDLPDVWLRRPSTHTSGYS	HLA-A*02:03/8	27312.33
PDLPDVWLRRPSTHTSGYS	HLA-A*02:03/9	1194.32
PDLPDVWLRRPSTHTSGYS	HLA-A*02:03/10	4380.02
PDLPDVWLRRPSTHTSGYS	HLA-A*02:03/11	28666.66
PDLPDVWLRRPSTHTSGYS	HLA-A*02:06/8	38293.6
PDLPDVWLRRPSTHTSGYS	HLA-A*02:06/9	15259.32
PDLPDVWLRRPSTHTSGYS	HLA-A*02:06/10	20306.73
PDLPDVWLRRPSTHTSGYS	HLA-A*02:06/11	28329.96
PDLPDVWLRRPSTHTSGYS	HLA-A*03:01/8	26931.43
PDLPDVWLRRPSTHTSGYS	HLA-A*03:01/9	6217.69
PDLPDVWLRRPSTHTSGYS	HLA-A*03:01/10	9331.43
PDLPDVWLRRPSTHTSGYS	HLA-A*03:01/11	25777.88
PDLPDVWLRRPSTHTSGYS	HLA-A*11:01/8	23226.66
PDLPDVWLRRPSTHTSGYS	HLA-A*11:01/9	15224.69
PDLPDVWLRRPSTHTSGYS	HLA-A*11:01/10	22751.35
PDLPDVWLRRPSTHTSGYS	HLA-A*11:01/11	32748.64
PDLPDVWLRRPSTHTSGYS	HLA-A*23:01/8	23024.49
PDLPDVWLRRPSTHTSGYS	HLA-A*23:01/9	7125.91
PDLPDVWLRRPSTHTSGYS	HLA-A*23:01/10	12774.54
PDLPDVWLRRPSTHTSGYS	HLA-A*23:01/11	17382.45
PDLPDVWLRRPSTHTSGYS	HLA-A*24:02/8	19717.6
PDLPDVWLRRPSTHTSGYS	HLA-A*24:02/9	4134.84
PDLPDVWLRRPSTHTSGYS	HLA-A*24:02/10	10512.65
PDLPDVWLRRPSTHTSGYS	HLA-A*24:02/11	20749.36
PDLPDVWLRRPSTHTSGYS	HLA-A*26:01/8	27691.11
PDLPDVWLRRPSTHTSGYS	HLA-A*26:01/9	11699.22
PDLPDVWLRRPSTHTSGYS	HLA-A*26:01/10	21485.7
PDLPDVWLRRPSTHTSGYS	HLA-A*26:01/11	27772.72
PDLPDVWLRRPSTHTSGYS	HLA-A*30:01/8	7315.43
PDLPDVWLRRPSTHTSGYS	HLA-A*30:01/9	5061.54
PDLPDVWLRRPSTHTSGYS	HLA-A*30:01/10	6886.02
PDLPDVWLRRPSTHTSGYS	HLA-A*30:01/11	23009.06
PDLPDVWLRRPSTHTSGYS	HLA-A*30:02/8	2705.63
PDLPDVWLRRPSTHTSGYS	HLA-A*30:02/9	282.79
PDLPDVWLRRPSTHTSGYS	HLA-A*30:02/10	538.36
PDLPDVWLRRPSTHTSGYS	HLA-A*30:02/11	3642.24
PDLPDVWLRRPSTHTSGYS	HLA-A*31:01/8	4393.64
PDLPDVWLRRPSTHTSGYS	HLA-A*31:01/9	3230.61
PDLPDVWLRRPSTHTSGYS	HLA-A*31:01/10	4662.84
PDLPDVWLRRPSTHTSGYS	HLA-A*31:01/11	25374.15
PDLPDVWLRRPSTHTSGYS	HLA-A*32:01/8	39093.64
PDLPDVWLRRPSTHTSGYS	HLA-A*32:01/9	23239.24
PDLPDVWLRRPSTHTSGYS	HLA-A*32:01/10	30765.31
PDLPDVWLRRPSTHTSGYS	HLA-A*32:01/11	41182.96
PDLPDVWLRRPSTHTSGYS	HLA-A*33:01/8	268.7
PDLPDVWLRRPSTHTSGYS	HLA-A*33:01/9	51.72
PDLPDVWLRRPSTHTSGYS	HLA-A*33:01/10	1768.32
PDLPDVWLRRPSTHTSGYS	HLA-A*33:01/11	11111.1
PDLPDVWLRRPSTHTSGYS	HLA-A*68:01/8	7814.89
PDLPDVWLRRPSTHTSGYS	HLA-A*68:01/9	704.53
PDLPDVWLRRPSTHTSGYS	HLA-A*68:01/10	7472.79
PDLPDVWLRRPSTHTSGYS	HLA-A*68:01/11	38037.99
PDLPDVWLRRPSTHTSGYS	HLA-A*68:02/8	29400.13
PDLPDVWLRRPSTHTSGYS	HLA-A*68:02/9	17028.2
PDLPDVWLRRPSTHTSGYS	HLA-A*68:02/10	24435.44
PDLPDVWLRRPSTHTSGYS	HLA-A*68:02/11	25609.14
PDLPDVWLRRPSTHTSGYS	HLA-B*07:02/8	2692.14
PDLPDVWLRRPSTHTSGYS	HLA-B*07:02/9	332.58
PDLPDVWLRRPSTHTSGYS	HLA-B*07:02/10	1062.25
PDLPDVWLRRPSTHTSGYS	HLA-B*07:02/11	3611.39
PDLPDVWLRRPSTHTSGYS	HLA-B*08:01/8	4932.7
PDLPDVWLRRPSTHTSGYS	HLA-B*08:01/9	9275.47
PDLPDVWLRRPSTHTSGYS	HLA-B*08:01/10	8159.39
PDLPDVWLRRPSTHTSGYS	HLA-B*08:01/11	13984.21
PDLPDVWLRRPSTHTSGYS	HLA-B*15:01/8	15581.66
PDLPDVWLRRPSTHTSGYS	HLA-B*15:01/9	4285.05
PDLPDVWLRRPSTHTSGYS	HLA-B*15:01/10	6008.5
PDLPDVWLRRPSTHTSGYS	HLA-B*15:01/11	14490.82
PDLPDVWLRRPSTHTSGYS	HLA-B*35:01/8	3155.17
PDLPDVWLRRPSTHTSGYS	HLA-B*35:01/9	33.23
PDLPDVWLRRPSTHTSGYS	HLA-B*35:01/10	1425.75
PDLPDVWLRRPSTHTSGYS	HLA-B*35:01/11	491.55
PDLPDVWLRRPSTHTSGYS	HLA-B*40:01/8	34845.48
PDLPDVWLRRPSTHTSGYS	HLA-B*40:01/9	26503.88
PDLPDVWLRRPSTHTSGYS	HLA-B*40:01/10	33360.19
PDLPDVWLRRPSTHTSGYS	HLA-B*40:01/11	38391.94
PDLPDVWLRRPSTHTSGYS	HLA-B*44:02/8	38661.22
PDLPDVWLRRPSTHTSGYS	HLA-B*44:02/9	22169.6
PDLPDVWLRRPSTHTSGYS	HLA-B*44:02/10	31801.99
PDLPDVWLRRPSTHTSGYS	HLA-B*44:02/11	40453.39
PDLPDVWLRRPSTHTSGYS	HLA-B*44:03/8	44173.53
PDLPDVWLRRPSTHTSGYS	HLA-B*44:03/9	29344.52
PDLPDVWLRRPSTHTSGYS	HLA-B*44:03/10	33089.5
PDLPDVWLRRPSTHTSGYS	HLA-B*44:03/11	42620.44
PDLPDVWLRRPSTHTSGYS	HLA-B*51:01/8	20555.64
PDLPDVWLRRPSTHTSGYS	HLA-B*51:01/9	11102.44
PDLPDVWLRRPSTHTSGYS	HLA-B*51:01/10	25557.38
PDLPDVWLRRPSTHTSGYS	HLA-B*51:01/11	27165.84
PDLPDVWLRRPSTHTSGYS	HLA-B*53:01/8	23854.74
PDLPDVWLRRPSTHTSGYS	HLA-B*53:01/9	6587.01
PDLPDVWLRRPSTHTSGYS	HLA-B*53:01/10	17345.62
PDLPDVWLRRPSTHTSGYS	HLA-B*53:01/11	20169.2
PDLPDVWLRRPSTHTSGYS	HLA-B*57:01/8	28314.64
PDLPDVWLRRPSTHTSGYS	HLA-B*57:01/9	19123.2
PDLPDVWLRRPSTHTSGYS	HLA-B*57:01/10	14390.36
PDLPDVWLRRPSTHTSGYS	HLA-B*57:01/11	28657.36
PDLPDVWLRRPSTHTSGYS	HLA-B*58:01/8	29133.19
PDLPDVWLRRPSTHTSGYS	HLA-B*58:01/9	17528.05
PDLPDVWLRRPSTHTSGYS	HLA-B*58:01/10	13977.25
PDLPDVWLRRPSTHTSGYS	HLA-B*58:01/11	29641.92
KQRKSGRSAGKYDVYLINP	HLA-A*01:01/8	6791.09
KQRKSGRSAGKYDVYLINP	HLA-A*01:01/9	1525.65
KQRKSGRSAGKYDVYLINP	HLA-A*01:01/10	3161.04
KQRKSGRSAGKYDVYLINP	HLA-A*01:01/11	5712.63
KQRKSGRSAGKYDVYLINP	HLA-A*02:01/8	25519.53
KQRKSGRSAGKYDVYLINP	HLA-A*02:01/9	4043.22
KQRKSGRSAGKYDVYLINP	HLA-A*02:01/10	7788.64
KQRKSGRSAGKYDVYLINP	HLA-A*02:01/11	21837.25
KQRKSGRSAGKYDVYLINP	HLA-A*02:03/8	18508.03
KQRKSGRSAGKYDVYLINP	HLA-A*02:03/9	5655.25
KQRKSGRSAGKYDVYLINP	HLA-A*02:03/10	4782.5
KQRKSGRSAGKYDVYLINP	HLA-A*02:03/11	20294.42
KQRKSGRSAGKYDVYLINP	HLA-A*02:06/8	25594.2
KQRKSGRSAGKYDVYLINP	HLA-A*02:06/9	3390.92
KQRKSGRSAGKYDVYLINP	HLA-A*02:06/10	4518.12
KQRKSGRSAGKYDVYLINP	HLA-A*02:06/11	24687.92
KQRKSGRSAGKYDVYLINP	HLA-A*03:01/8	3592.26
KQRKSGRSAGKYDVYLINP	HLA-A*03:01/9	2392.42
KQRKSGRSAGKYDVYLINP	HLA-A*03:01/10	5134.57
KQRKSGRSAGKYDVYLINP	HLA-A*03:01/11	1888.93
KQRKSGRSAGKYDVYLINP	HLA-A*11:01/8	6921.35
KQRKSGRSAGKYDVYLINP	HLA-A*11:01/9	3926.56
KQRKSGRSAGKYDVYLINP	HLA-A*11:01/10	11351.69
KQRKSGRSAGKYDVYLINP	HLA-A*11:01/11	5786.78
KQRKSGRSAGKYDVYLINP	HLA-A*23:01/8	15902.03
KQRKSGRSAGKYDVYLINP	HLA-A*23:01/9	11240.35
KQRKSGRSAGKYDVYLINP	HLA-A*23:01/10	7367.07
KQRKSGRSAGKYDVYLINP	HLA-A*23:01/11	17482.41
KQRKSGRSAGKYDVYLINP	HLA-A*24:02/8	21594.08
KQRKSGRSAGKYDVYLINP	HLA-A*24:02/9	15624.54
KQRKSGRSAGKYDVYLINP	HLA-A*24:02/10	7578.81
KQRKSGRSAGKYDVYLINP	HLA-A*24:02/11	2903.52
KQRKSGRSAGKYDVYLINP	HLA-A*26:01/8	22123.59
KQRKSGRSAGKYDVYLINP	HLA-A*26:01/9	10039.85
KQRKSGRSAGKYDVYLINP	HLA-A*26:01/10	11950.49
KQRKSGRSAGKYDVYLINP	HLA-A*26:01/11	19107.69
KQRKSGRSAGKYDVYLINP	HLA-A*30:01/8	7502.28
KQRKSGRSAGKYDVYLINP	HLA-A*30:01/9	8.5
KQRKSGRSAGKYDVYLINP	HLA-A*30:01/10	680.39
KQRKSGRSAGKYDVYLINP	HLA-A*30:01/11	3156.22
KQRKSGRSAGKYDVYLINP	HLA-A*30:02/8	1110.47
KQRKSGRSAGKYDVYLINP	HLA-A*30:02/9	17.8
KQRKSGRSAGKYDVYLINP	HLA-A*30:02/10	29.83
KQRKSGRSAGKYDVYLINP	HLA-A*30:02/11	175.93
KQRKSGRSAGKYDVYLINP	HLA-A*31:01/8	4048.08
KQRKSGRSAGKYDVYLINP	HLA-A*31:01/9	5347.65
KQRKSGRSAGKYDVYLINP	HLA-A*31:01/10	1500.83
KQRKSGRSAGKYDVYLINP	HLA-A*31:01/11	3246.38
KQRKSGRSAGKYDVYLINP	HLA-A*32:01/8	30132.15
KQRKSGRSAGKYDVYLINP	HLA-A*32:01/9	2401.13
KQRKSGRSAGKYDVYLINP	HLA-A*32:01/10	14977.81
KQRKSGRSAGKYDVYLINP	HLA-A*32:01/11	8323.64
KQRKSGRSAGKYDVYLINP	HLA-A*33:01/8	43888.18
KQRKSGRSAGKYDVYLINP	HLA-A*33:01/9	33037.62
KQRKSGRSAGKYDVYLINP	HLA-A*33:01/10	27522.05
KQRKSGRSAGKYDVYLINP	HLA-A*33:01/11	39915.55
KQRKSGRSAGKYDVYLINP	HLA-A*68:01/8	35388.44
KQRKSGRSAGKYDVYLINP	HLA-A*68:01/9	15000.52
KQRKSGRSAGKYDVYLINP	HLA-A*68:01/10	16923.13
KQRKSGRSAGKYDVYLINP	HLA-A*68:01/11	33658.95
KQRKSGRSAGKYDVYLINP	HLA-A*68:02/8	26479.52
KQRKSGRSAGKYDVYLINP	HLA-A*68:02/9	8351.96
KQRKSGRSAGKYDVYLINP	HLA-A*68:02/10	3157.59
KQRKSGRSAGKYDVYLINP	HLA-A*68:02/11	10625.06
KQRKSGRSAGKYDVYLINP	HLA-B*07:02/8	28742.45
KQRKSGRSAGKYDVYLINP	HLA-B*07:02/9	4626.31
KQRKSGRSAGKYDVYLINP	HLA-B*07:02/10	15476.81
KQRKSGRSAGKYDVYLINP	HLA-B*07:02/11	33391.61
KQRKSGRSAGKYDVYLINP	HLA-B*08:01/8	8649.94
KQRKSGRSAGKYDVYLINP	HLA-B*08:01/9	1582.95
KQRKSGRSAGKYDVYLINP	HLA-B*08:01/10	3557.41
KQRKSGRSAGKYDVYLINP	HLA-B*08:01/11	12893.83
KQRKSGRSAGKYDVYLINP	HLA-B*15:01/8	7027.52
KQRKSGRSAGKYDVYLINP	HLA-B*15:01/9	268.96
KQRKSGRSAGKYDVYLINP	HLA-B*15:01/10	252.36
KQRKSGRSAGKYDVYLINP	HLA-B*15:01/11	7699.73
KQRKSGRSAGKYDVYLINP	HLA-B*35:01/8	20201.75
KQRKSGRSAGKYDVYLINP	HLA-B*35:01/9	2772.01
KQRKSGRSAGKYDVYLINP	HLA-B*35:01/10	24012.7
KQRKSGRSAGKYDVYLINP	HLA-B*35:01/11	24455.02
KQRKSGRSAGKYDVYLINP	HLA-B*40:01/8	28444.82
KQRKSGRSAGKYDVYLINP	HLA-B*40:01/9	18301.73
KQRKSGRSAGKYDVYLINP	HLA-B*40:01/10	19312.84
KQRKSGRSAGKYDVYLINP	HLA-B*40:01/11	32052.1
KQRKSGRSAGKYDVYLINP	HLA-B*44:02/8	34474.97
KQRKSGRSAGKYDVYLINP	HLA-B*44:02/9	21718.03
KQRKSGRSAGKYDVYLINP	HLA-B*44:02/10	26461.2
KQRKSGRSAGKYDVYLINP	HLA-B*44:02/11	36937.66
KQRKSGRSAGKYDVYLINP	HLA-B*44:03/8	32918.8
KQRKSGRSAGKYDVYLINP	HLA-B*44:03/9	30409.22
KQRKSGRSAGKYDVYLINP	HLA-B*44:03/10	30197.42
KQRKSGRSAGKYDVYLINP	HLA-B*44:03/11	38704.33
KQRKSGRSAGKYDVYLINP	HLA-B*51:01/8	28304.53
KQRKSGRSAGKYDVYLINP	HLA-B*51:01/9	24807.87
KQRKSGRSAGKYDVYLINP	HLA-B*51:01/10	26482.68
KQRKSGRSAGKYDVYLINP	HLA-B*51:01/11	33518.3
KQRKSGRSAGKYDVYLINP	HLA-B*53:01/8	37535.12
KQRKSGRSAGKYDVYLINP	HLA-B*53:01/9	13657.19
KQRKSGRSAGKYDVYLINP	HLA-B*53:01/10	9454.4
KQRKSGRSAGKYDVYLINP	HLA-B*53:01/11	32810.35
KQRKSGRSAGKYDVYLINP	HLA-B*57:01/8	21684.22
KQRKSGRSAGKYDVYLINP	HLA-B*57:01/9	627.81
KQRKSGRSAGKYDVYLINP	HLA-B*57:01/10	1375.08
KQRKSGRSAGKYDVYLINP	HLA-B*57:01/11	3652.89
KQRKSGRSAGKYDVYLINP	HLA-B*58:01/8	17752.31
KQRKSGRSAGKYDVYLINP	HLA-B*58:01/9	118.49
KQRKSGRSAGKYDVYLINP	HLA-B*58:01/10	1356.64
KQRKSGRSAGKYDVYLINP	HLA-B*58:01/11	3300.35
WAVTVPVVLLGQVVQTAVD	HLA-A*01:01/8	25392.55
WAVTVPVVLLGQVVQTAVD	HLA-A*01:01/9	16842.22
WAVTVPVVLLGQVVQTAVD	HLA-A*01:01/10	20624.91
WAVTVPVVLLGQVVQTAVD	HLA-A*01:01/11	24058.21
WAVTVPVVLLGQVVQTAVD	HLA-A*02:01/8	10618.85
WAVTVPVVLLGQVVQTAVD	HLA-A*02:01/9	504.25
WAVTVPVVLLGQVVQTAVD	HLA-A*02:01/10	235.79
WAVTVPVVLLGQVVQTAVD	HLA-A*02:01/11	403.24
WAVTVPVVLLGQVVQTAVD	HLA-A*02:03/8	7096.37
WAVTVPVVLLGQVVQTAVD	HLA-A*02:03/9	58.06
WAVTVPVVLLGQVVQTAVD	HLA-A*02:03/10	19.43
WAVTVPVVLLGQVVQTAVD	HLA-A*02:03/11	908.88
WAVTVPVVLLGQVVQTAVD	HLA-A*02:06/8	6752.7
WAVTVPVVLLGQVVQTAVD	HLA-A*02:06/9	1030.85
WAVTVPVVLLGQVVQTAVD	HLA-A*02:06/10	354.09
WAVTVPVVLLGQVVQTAVD	HLA-A*02:06/11	2116.6
WAVTVPVVLLGQVVQTAVD	HLA-A*03:01/8	25813.05
WAVTVPVVLLGQVVQTAVD	HLA-A*03:01/9	13306.25
WAVTVPVVLLGQVVQTAVD	HLA-A*03:01/10	18885.51
WAVTVPVVLLGQVVQTAVD	HLA-A*03:01/11	23336.24
WAVTVPVVLLGQVVQTAVD	HLA-A*11:01/8	23430.36
WAVTVPVVLLGQVVQTAVD	HLA-A*11:01/9	12419.38
WAVTVPVVLLGQVVQTAVD	HLA-A*11:01/10	10867.71
WAVTVPVVLLGQVVQTAVD	HLA-A*11:01/11	23569.69
WAVTVPVVLLGQVVQTAVD	HLA-A*23:01/8	19366.6
WAVTVPVVLLGQVVQTAVD	HLA-A*23:01/9	10109.84
WAVTVPVVLLGQVVQTAVD	HLA-A*23:01/10	16528.82
WAVTVPVVLLGQVVQTAVD	HLA-A*23:01/11	28986.97
WAVTVPVVLLGQVVQTAVD	HLA-A*24:02/8	24937.59
WAVTVPVVLLGQVVQTAVD	HLA-A*24:02/9	20665.35
WAVTVPVVLLGQVVQTAVD	HLA-A*24:02/10	26262.96
WAVTVPVVLLGQVVQTAVD	HLA-A*24:02/11	32057.29
WAVTVPVVLLGQVVQTAVD	HLA-A*26:01/8	29464.46
WAVTVPVVLLGQVVQTAVD	HLA-A*26:01/9	13937.09
WAVTVPVVLLGQVVQTAVD	HLA-A*26:01/10	13968.94
WAVTVPVVLLGQVVQTAVD	HLA-A*26:01/11	27730.09
WAVTVPVVLLGQVVQTAVD	HLA-A*30:01/8	20317.71
WAVTVPVVLLGQVVQTAVD	HLA-A*30:01/9	2730.63
WAVTVPVVLLGQVVQTAVD	HLA-A*30:01/10	12109.02
WAVTVPVVLLGQVVQTAVD	HLA-A*30:01/11	27405.28
WAVTVPVVLLGQVVQTAVD	HLA-A*30:02/8	27271.87
WAVTVPVVLLGQVVQTAVD	HLA-A*30:02/9	7988.95
WAVTVPVVLLGQVVQTAVD	HLA-A*30:02/10	13779.35
WAVTVPVVLLGQVVQTAVD	HLA-A*30:02/11	15315.23
WAVTVPVVLLGQVVQTAVD	HLA-A*31:01/8	21203.95
WAVTVPVVLLGQVVQTAVD	HLA-A*31:01/9	10142.49
WAVTVPVVLLGQVVQTAVD	HLA-A*31:01/10	14346.21
WAVTVPVVLLGQVVQTAVD	HLA-A*31:01/11	23617.44
WAVTVPVVLLGQVVQTAVD	HLA-A*32:01/8	26502.74
WAVTVPVVLLGQVVQTAVD	HLA-A*32:01/9	9838.86
WAVTVPVVLLGQVVQTAVD	HLA-A*32:01/10	25133.7
WAVTVPVVLLGQVVQTAVD	HLA-A*32:01/11	24796.87
WAVTVPVVLLGQVVQTAVD	HLA-A*33:01/8	35203.22
WAVTVPVVLLGQVVQTAVD	HLA-A*33:01/9	27664.16
WAVTVPVVLLGQVVQTAVD	HLA-A*33:01/10	22456.16
WAVTVPVVLLGQVVQTAVD	HLA-A*33:01/11	34912.68
WAVTVPVVLLGQVVQTAVD	HLA-A*68:01/8	33112.43
WAVTVPVVLLGQVVQTAVD	HLA-A*68:01/9	11885.49
WAVTVPVVLLGQVVQTAVD	HLA-A*68:01/10	8845.96
WAVTVPVVLLGQVVQTAVD	HLA-A*68:01/11	29234.54
WAVTVPVVLLGQVVQTAVD	HLA-A*68:02/8	6001.93
WAVTVPVVLLGQVVQTAVD	HLA-A*68:02/9	355.22
WAVTVPVVLLGQVVQTAVD	HLA-A*68:02/10	168.24
WAVTVPVVLLGQVVQTAVD	HLA-A*68:02/11	2596.03
WAVTVPVVLLGQVVQTAVD	HLA-B*07:02/8	17197.06
WAVTVPVVLLGQVVQTAVD	HLA-B*07:02/9	1373.91
WAVTVPVVLLGQVVQTAVD	HLA-B*07:02/10	814.54
WAVTVPVVLLGQVVQTAVD	HLA-B*07:02/11	12531.14
WAVTVPVVLLGQVVQTAVD	HLA-B*08:01/8	17335.67
WAVTVPVVLLGQVVQTAVD	HLA-B*08:01/9	4352.38
WAVTVPVVLLGQVVQTAVD	HLA-B*08:01/10	7253.25
WAVTVPVVLLGQVVQTAVD	HLA-B*08:01/11	20010.97
WAVTVPVVLLGQVVQTAVD	HLA-B*15:01/8	14002.98
WAVTVPVVLLGQVVQTAVD	HLA-B*15:01/9	2891.45
WAVTVPVVLLGQVVQTAVD	HLA-B*15:01/10	3389.78
WAVTVPVVLLGQVVQTAVD	HLA-B*15:01/11	27760.71
WAVTVPVVLLGQVVQTAVD	HLA-B*35:01/8	22176.32
WAVTVPVVLLGQVVQTAVD	HLA-B*35:01/9	124.12
WAVTVPVVLLGQVVQTAVD	HLA-B*35:01/10	5857.9
WAVTVPVVLLGQVVQTAVD	HLA-B*35:01/11	22674.92
WAVTVPVVLLGQVVQTAVD	HLA-B*40:01/8	20752.28
WAVTVPVVLLGQVVQTAVD	HLA-B*40:01/9	4333.59
WAVTVPVVLLGQVVQTAVD	HLA-B*40:01/10	17424.25
WAVTVPVVLLGQVVQTAVD	HLA-B*40:01/11	33736.6
WAVTVPVVLLGQVVQTAVD	HLA-B*44:02/8	35328.38
WAVTVPVVLLGQVVQTAVD	HLA-B*44:02/9	18808.01
WAVTVPVVLLGQVVQTAVD	HLA-B*44:02/10	29823.04
WAVTVPVVLLGQVVQTAVD	HLA-B*44:02/11	37565.59
WAVTVPVVLLGQVVQTAVD	HLA-B*44:03/8	39604.52
WAVTVPVVLLGQVVQTAVD	HLA-B*44:03/9	36413.07
WAVTVPVVLLGQVVQTAVD	HLA-B*44:03/10	37709.36
WAVTVPVVLLGQVVQTAVD	HLA-B*44:03/11	43965.63
WAVTVPVVLLGQVVQTAVD	HLA-B*51:01/8	3395.95
WAVTVPVVLLGQVVQTAVD	HLA-B*51:01/9	893.21
WAVTVPVVLLGQVVQTAVD	HLA-B*51:01/10	1613.61
WAVTVPVVLLGQVVQTAVD	HLA-B*51:01/11	8686.8
WAVTVPVVLLGQVVQTAVD	HLA-B*53:01/8	26625.18
WAVTVPVVLLGQVVQTAVD	HLA-B*53:01/9	2171.61
WAVTVPVVLLGQVVQTAVD	HLA-B*53:01/10	6944.61
WAVTVPVVLLGQVVQTAVD	HLA-B*53:01/11	29623.65
WAVTVPVVLLGQVVQTAVD	HLA-B*57:01/8	7188.79
WAVTVPVVLLGQVVQTAVD	HLA-B*57:01/9	1341.27
WAVTVPVVLLGQVVQTAVD	HLA-B*57:01/10	3638.45
WAVTVPVVLLGQVVQTAVD	HLA-B*57:01/11	12211.38
WAVTVPVVLLGQVVQTAVD	HLA-B*58:01/8	3643.07
WAVTVPVVLLGQVVQTAVD	HLA-B*58:01/9	189.85
WAVTVPVVLLGQVVQTAVD	HLA-B*58:01/10	905.21
WAVTVPVVLLGQVVQTAVD	HLA-B*58:01/11	14830.91
SHPLSTPASEINTPAQISE	HLA-A*01:01/8	20081.45
SHPLSTPASEINTPAQISE	HLA-A*01:01/9	18183.89
SHPLSTPASEINTPAQISE	HLA-A*01:01/10	20738.36
SHPLSTPASEINTPAQISE	HLA-A*01:01/11	22373.46
SHPLSTPASEINTPAQISE	HLA-A*02:01/8	21552.99
SHPLSTPASEINTPAQISE	HLA-A*02:01/9	18727.8
SHPLSTPASEINTPAQISE	HLA-A*02:01/10	10289.39
SHPLSTPASEINTPAQISE	HLA-A*02:01/11	18735.3
SHPLSTPASEINTPAQISE	HLA-A*02:03/8	6328.86
SHPLSTPASEINTPAQISE	HLA-A*02:03/9	3638.38
SHPLSTPASEINTPAQISE	HLA-A*02:03/10	673.12
SHPLSTPASEINTPAQISE	HLA-A*02:03/11	6558.35
SHPLSTPASEINTPAQISE	HLA-A*02:06/8	23563.07
SHPLSTPASEINTPAQISE	HLA-A*02:06/9	11973.65
SHPLSTPASEINTPAQISE	HLA-A*02:06/10	7012.26
SHPLSTPASEINTPAQISE	HLA-A*02:06/11	17023.96
SHPLSTPASEINTPAQISE	HLA-A*03:01/8	34653.74
SHPLSTPASEINTPAQISE	HLA-A*03:01/9	26823.55
SHPLSTPASEINTPAQISE	HLA-A*03:01/10	15460.24
SHPLSTPASEINTPAQISE	HLA-A*03:01/11	29248.48
SHPLSTPASEINTPAQISE	HLA-A*11:01/8	32751.83
SHPLSTPASEINTPAQISE	HLA-A*11:01/9	19464.71
SHPLSTPASEINTPAQISE	HLA-A*11:01/10	25526.71
SHPLSTPASEINTPAQISE	HLA-A*11:01/11	27371.79
SHPLSTPASEINTPAQISE	HLA-A*23:01/8	37373.84
SHPLSTPASEINTPAQISE	HLA-A*23:01/9	11857.75
SHPLSTPASEINTPAQISE	HLA-A*23:01/10	24428.05
SHPLSTPASEINTPAQISE	HLA-A*23:01/11	38510.5
SHPLSTPASEINTPAQISE	HLA-A*24:02/8	37673.06
SHPLSTPASEINTPAQISE	HLA-A*24:02/9	18281.93
SHPLSTPASEINTPAQISE	HLA-A*24:02/10	26215.83
SHPLSTPASEINTPAQISE	HLA-A*24:02/11	30082.95
SHPLSTPASEINTPAQISE	HLA-A*26:01/8	33035.83
SHPLSTPASEINTPAQISE	HLA-A*26:01/9	25841.0
SHPLSTPASEINTPAQISE	HLA-A*26:01/10	28959.08
SHPLSTPASEINTPAQISE	HLA-A*26:01/11	31791.33
SHPLSTPASEINTPAQISE	HLA-A*30:01/8	12104.17
SHPLSTPASEINTPAQISE	HLA-A*30:01/9	6735.7
SHPLSTPASEINTPAQISE	HLA-A*30:01/10	6774.07
SHPLSTPASEINTPAQISE	HLA-A*30:01/11	25255.28
SHPLSTPASEINTPAQISE	HLA-A*30:02/8	28020.54
SHPLSTPASEINTPAQISE	HLA-A*30:02/9	8230.05
SHPLSTPASEINTPAQISE	HLA-A*30:02/10	13977.41
SHPLSTPASEINTPAQISE	HLA-A*30:02/11	26456.61
SHPLSTPASEINTPAQISE	HLA-A*31:01/8	35929.36
SHPLSTPASEINTPAQISE	HLA-A*31:01/9	32041.0
SHPLSTPASEINTPAQISE	HLA-A*31:01/10	24623.88
SHPLSTPASEINTPAQISE	HLA-A*31:01/11	35803.62
SHPLSTPASEINTPAQISE	HLA-A*32:01/8	37368.18
SHPLSTPASEINTPAQISE	HLA-A*32:01/9	19552.94
SHPLSTPASEINTPAQISE	HLA-A*32:01/10	32421.11
SHPLSTPASEINTPAQISE	HLA-A*32:01/11	34176.37
SHPLSTPASEINTPAQISE	HLA-A*33:01/8	43716.12
SHPLSTPASEINTPAQISE	HLA-A*33:01/9	30375.02
SHPLSTPASEINTPAQISE	HLA-A*33:01/10	29102.94
SHPLSTPASEINTPAQISE	HLA-A*33:01/11	41241.81
SHPLSTPASEINTPAQISE	HLA-A*68:01/8	38276.61
SHPLSTPASEINTPAQISE	HLA-A*68:01/9	20608.64
SHPLSTPASEINTPAQISE	HLA-A*68:01/10	17758.46
SHPLSTPASEINTPAQISE	HLA-A*68:01/11	36994.05
SHPLSTPASEINTPAQISE	HLA-A*68:02/8	11010.57
SHPLSTPASEINTPAQISE	HLA-A*68:02/9	3549.91
SHPLSTPASEINTPAQISE	HLA-A*68:02/10	112.06
SHPLSTPASEINTPAQISE	HLA-A*68:02/11	970.56
SHPLSTPASEINTPAQISE	HLA-B*07:02/8	7912.82
SHPLSTPASEINTPAQISE	HLA-B*07:02/9	3319.23
SHPLSTPASEINTPAQISE	HLA-B*07:02/10	164.42
SHPLSTPASEINTPAQISE	HLA-B*07:02/11	4632.21
SHPLSTPASEINTPAQISE	HLA-B*08:01/8	28597.9
SHPLSTPASEINTPAQISE	HLA-B*08:01/9	17715.1
SHPLSTPASEINTPAQISE	HLA-B*08:01/10	15920.45
SHPLSTPASEINTPAQISE	HLA-B*08:01/11	29048.84
SHPLSTPASEINTPAQISE	HLA-B*15:01/8	23058.15
SHPLSTPASEINTPAQISE	HLA-B*15:01/9	10806.97
SHPLSTPASEINTPAQISE	HLA-B*15:01/10	8359.47
SHPLSTPASEINTPAQISE	HLA-B*15:01/11	32660.54
SHPLSTPASEINTPAQISE	HLA-B*35:01/8	6667.18
SHPLSTPASEINTPAQISE	HLA-B*35:01/9	475.14
SHPLSTPASEINTPAQISE	HLA-B*35:01/10	3392.2
SHPLSTPASEINTPAQISE	HLA-B*35:01/11	7488.42
SHPLSTPASEINTPAQISE	HLA-B*40:01/8	6898.92
SHPLSTPASEINTPAQISE	HLA-B*40:01/9	81.85
SHPLSTPASEINTPAQISE	HLA-B*40:01/10	438.6
SHPLSTPASEINTPAQISE	HLA-B*40:01/11	5949.76
SHPLSTPASEINTPAQISE	HLA-B*44:02/8	5278.49
SHPLSTPASEINTPAQISE	HLA-B*44:02/9	29.33
SHPLSTPASEINTPAQISE	HLA-B*44:02/10	71.13
SHPLSTPASEINTPAQISE	HLA-B*44:02/11	3564.15
SHPLSTPASEINTPAQISE	HLA-B*44:03/8	6990.14
SHPLSTPASEINTPAQISE	HLA-B*44:03/9	136.12
SHPLSTPASEINTPAQISE	HLA-B*44:03/10	394.34
SHPLSTPASEINTPAQISE	HLA-B*44:03/11	4176.07
SHPLSTPASEINTPAQISE	HLA-B*51:01/8	15389.48
SHPLSTPASEINTPAQISE	HLA-B*51:01/9	13106.07
SHPLSTPASEINTPAQISE	HLA-B*51:01/10	1167.84
SHPLSTPASEINTPAQISE	HLA-B*51:01/11	7667.98
SHPLSTPASEINTPAQISE	HLA-B*53:01/8	18154.79
SHPLSTPASEINTPAQISE	HLA-B*53:01/9	1789.15
SHPLSTPASEINTPAQISE	HLA-B*53:01/10	130.0
SHPLSTPASEINTPAQISE	HLA-B*53:01/11	5939.02
SHPLSTPASEINTPAQISE	HLA-B*57:01/8	19368.29
SHPLSTPASEINTPAQISE	HLA-B*57:01/9	5420.05
SHPLSTPASEINTPAQISE	HLA-B*57:01/10	8262.8
SHPLSTPASEINTPAQISE	HLA-B*57:01/11	20274.67
SHPLSTPASEINTPAQISE	HLA-B*58:01/8	4765.3
SHPLSTPASEINTPAQISE	HLA-B*58:01/9	2164.94
SHPLSTPASEINTPAQISE	HLA-B*58:01/10	3406.18
SHPLSTPASEINTPAQISE	HLA-B*58:01/11	16023.1
LLPLAEPRSLCPGWSRFHG	HLA-A*01:01/8	25944.93
LLPLAEPRSLCPGWSRFHG	HLA-A*01:01/9	14914.75
LLPLAEPRSLCPGWSRFHG	HLA-A*01:01/10	17847.84
LLPLAEPRSLCPGWSRFHG	HLA-A*01:01/11	23173.45
LLPLAEPRSLCPGWSRFHG	HLA-A*02:01/8	26296.22
LLPLAEPRSLCPGWSRFHG	HLA-A*02:01/9	8152.95
LLPLAEPRSLCPGWSRFHG	HLA-A*02:01/10	1918.26
LLPLAEPRSLCPGWSRFHG	HLA-A*02:01/11	20895.12
LLPLAEPRSLCPGWSRFHG	HLA-A*02:03/8	24572.26
LLPLAEPRSLCPGWSRFHG	HLA-A*02:03/9	8535.49
LLPLAEPRSLCPGWSRFHG	HLA-A*02:03/10	720.61
LLPLAEPRSLCPGWSRFHG	HLA-A*02:03/11	19801.18
LLPLAEPRSLCPGWSRFHG	HLA-A*02:06/8	28755.2
LLPLAEPRSLCPGWSRFHG	HLA-A*02:06/9	1472.66
LLPLAEPRSLCPGWSRFHG	HLA-A*02:06/10	5216.38
LLPLAEPRSLCPGWSRFHG	HLA-A*02:06/11	28183.2
LLPLAEPRSLCPGWSRFHG	HLA-A*03:01/8	15545.79
LLPLAEPRSLCPGWSRFHG	HLA-A*03:01/9	1271.73
LLPLAEPRSLCPGWSRFHG	HLA-A*03:01/10	1458.18
LLPLAEPRSLCPGWSRFHG	HLA-A*03:01/11	12500.94
LLPLAEPRSLCPGWSRFHG	HLA-A*11:01/8	10359.76
LLPLAEPRSLCPGWSRFHG	HLA-A*11:01/9	149.3
LLPLAEPRSLCPGWSRFHG	HLA-A*11:01/10	1340.18
LLPLAEPRSLCPGWSRFHG	HLA-A*11:01/11	9616.89
LLPLAEPRSLCPGWSRFHG	HLA-A*23:01/8	14475.31
LLPLAEPRSLCPGWSRFHG	HLA-A*23:01/9	1464.33
LLPLAEPRSLCPGWSRFHG	HLA-A*23:01/10	310.43
LLPLAEPRSLCPGWSRFHG	HLA-A*23:01/11	6117.99
LLPLAEPRSLCPGWSRFHG	HLA-A*24:02/8	7481.86
LLPLAEPRSLCPGWSRFHG	HLA-A*24:02/9	1488.28
LLPLAEPRSLCPGWSRFHG	HLA-A*24:02/10	1011.88
LLPLAEPRSLCPGWSRFHG	HLA-A*24:02/11	8807.56
LLPLAEPRSLCPGWSRFHG	HLA-A*26:01/8	33160.11
LLPLAEPRSLCPGWSRFHG	HLA-A*26:01/9	10601.4
LLPLAEPRSLCPGWSRFHG	HLA-A*26:01/10	24438.36
LLPLAEPRSLCPGWSRFHG	HLA-A*26:01/11	33126.04
LLPLAEPRSLCPGWSRFHG	HLA-A*30:01/8	15857.36
LLPLAEPRSLCPGWSRFHG	HLA-A*30:01/9	738.57
LLPLAEPRSLCPGWSRFHG	HLA-A*30:01/10	5482.57
LLPLAEPRSLCPGWSRFHG	HLA-A*30:01/11	21842.22
LLPLAEPRSLCPGWSRFHG	HLA-A*30:02/8	18635.84
LLPLAEPRSLCPGWSRFHG	HLA-A*30:02/9	6295.53
LLPLAEPRSLCPGWSRFHG	HLA-A*30:02/10	1565.58
LLPLAEPRSLCPGWSRFHG	HLA-A*30:02/11	5646.2
LLPLAEPRSLCPGWSRFHG	HLA-A*31:01/8	653.45
LLPLAEPRSLCPGWSRFHG	HLA-A*31:01/9	9.95
LLPLAEPRSLCPGWSRFHG	HLA-A*31:01/10	80.98
LLPLAEPRSLCPGWSRFHG	HLA-A*31:01/11	501.01
LLPLAEPRSLCPGWSRFHG	HLA-A*32:01/8	26671.03
LLPLAEPRSLCPGWSRFHG	HLA-A*32:01/9	920.7
LLPLAEPRSLCPGWSRFHG	HLA-A*32:01/10	498.52
LLPLAEPRSLCPGWSRFHG	HLA-A*32:01/11	4199.68
LLPLAEPRSLCPGWSRFHG	HLA-A*33:01/8	1427.65
LLPLAEPRSLCPGWSRFHG	HLA-A*33:01/9	167.99
LLPLAEPRSLCPGWSRFHG	HLA-A*33:01/10	1325.86
LLPLAEPRSLCPGWSRFHG	HLA-A*33:01/11	75.92
LLPLAEPRSLCPGWSRFHG	HLA-A*68:01/8	13589.09
LLPLAEPRSLCPGWSRFHG	HLA-A*68:01/9	946.25
LLPLAEPRSLCPGWSRFHG	HLA-A*68:01/10	9655.16
LLPLAEPRSLCPGWSRFHG	HLA-A*68:01/11	4569.84
LLPLAEPRSLCPGWSRFHG	HLA-A*68:02/8	40239.89
LLPLAEPRSLCPGWSRFHG	HLA-A*68:02/9	28225.01
LLPLAEPRSLCPGWSRFHG	HLA-A*68:02/10	15130.43
LLPLAEPRSLCPGWSRFHG	HLA-A*68:02/11	34156.41
LLPLAEPRSLCPGWSRFHG	HLA-B*07:02/8	6429.29
LLPLAEPRSLCPGWSRFHG	HLA-B*07:02/9	61.66
LLPLAEPRSLCPGWSRFHG	HLA-B*07:02/10	744.34
LLPLAEPRSLCPGWSRFHG	HLA-B*07:02/11	9441.32
LLPLAEPRSLCPGWSRFHG	HLA-B*08:01/8	14053.99
LLPLAEPRSLCPGWSRFHG	HLA-B*08:01/9	1504.21
LLPLAEPRSLCPGWSRFHG	HLA-B*08:01/10	4395.97
LLPLAEPRSLCPGWSRFHG	HLA-B*08:01/11	18871.62
LLPLAEPRSLCPGWSRFHG	HLA-B*15:01/8	12908.34
LLPLAEPRSLCPGWSRFHG	HLA-B*15:01/9	138.1
LLPLAEPRSLCPGWSRFHG	HLA-B*15:01/10	79.46
LLPLAEPRSLCPGWSRFHG	HLA-B*15:01/11	9599.43
LLPLAEPRSLCPGWSRFHG	HLA-B*35:01/8	24922.75
LLPLAEPRSLCPGWSRFHG	HLA-B*35:01/9	271.91
LLPLAEPRSLCPGWSRFHG	HLA-B*35:01/10	8840.98
LLPLAEPRSLCPGWSRFHG	HLA-B*35:01/11	21011.43
LLPLAEPRSLCPGWSRFHG	HLA-B*40:01/8	25582.28
LLPLAEPRSLCPGWSRFHG	HLA-B*40:01/9	14356.61
LLPLAEPRSLCPGWSRFHG	HLA-B*40:01/10	18567.4
LLPLAEPRSLCPGWSRFHG	HLA-B*40:01/11	29990.97
LLPLAEPRSLCPGWSRFHG	HLA-B*44:02/8	26089.35
LLPLAEPRSLCPGWSRFHG	HLA-B*44:02/9	14327.12
LLPLAEPRSLCPGWSRFHG	HLA-B*44:02/10	43.06
LLPLAEPRSLCPGWSRFHG	HLA-B*44:02/11	858.67
LLPLAEPRSLCPGWSRFHG	HLA-B*44:03/8	27353.44
LLPLAEPRSLCPGWSRFHG	HLA-B*44:03/9	17689.04
LLPLAEPRSLCPGWSRFHG	HLA-B*44:03/10	74.57
LLPLAEPRSLCPGWSRFHG	HLA-B*44:03/11	701.65
LLPLAEPRSLCPGWSRFHG	HLA-B*51:01/8	10507.53
LLPLAEPRSLCPGWSRFHG	HLA-B*51:01/9	724.19
LLPLAEPRSLCPGWSRFHG	HLA-B*51:01/10	4063.53
LLPLAEPRSLCPGWSRFHG	HLA-B*51:01/11	16754.43
LLPLAEPRSLCPGWSRFHG	HLA-B*53:01/8	10959.45
LLPLAEPRSLCPGWSRFHG	HLA-B*53:01/9	294.81
LLPLAEPRSLCPGWSRFHG	HLA-B*53:01/10	3022.54
LLPLAEPRSLCPGWSRFHG	HLA-B*53:01/11	5856.95
LLPLAEPRSLCPGWSRFHG	HLA-B*57:01/8	11487.11
LLPLAEPRSLCPGWSRFHG	HLA-B*57:01/9	4632.97
LLPLAEPRSLCPGWSRFHG	HLA-B*57:01/10	58.7
LLPLAEPRSLCPGWSRFHG	HLA-B*57:01/11	726.37
LLPLAEPRSLCPGWSRFHG	HLA-B*58:01/8	20876.38
LLPLAEPRSLCPGWSRFHG	HLA-B*58:01/9	14452.46
LLPLAEPRSLCPGWSRFHG	HLA-B*58:01/10	557.99
LLPLAEPRSLCPGWSRFHG	HLA-B*58:01/11	8853.43
TQRKWEAARVAEQLRAYLE	HLA-A*01:01/8	20033.28
TQRKWEAARVAEQLRAYLE	HLA-A*01:01/9	14470.14
TQRKWEAARVAEQLRAYLE	HLA-A*01:01/10	25265.66
TQRKWEAARVAEQLRAYLE	HLA-A*01:01/11	30148.13
TQRKWEAARVAEQLRAYLE	HLA-A*02:01/8	26782.06
TQRKWEAARVAEQLRAYLE	HLA-A*02:01/9	16295.32
TQRKWEAARVAEQLRAYLE	HLA-A*02:01/10	615.37
TQRKWEAARVAEQLRAYLE	HLA-A*02:01/11	6658.31
TQRKWEAARVAEQLRAYLE	HLA-A*02:03/8	12603.2
TQRKWEAARVAEQLRAYLE	HLA-A*02:03/9	17123.35
TQRKWEAARVAEQLRAYLE	HLA-A*02:03/10	62.33
TQRKWEAARVAEQLRAYLE	HLA-A*02:03/11	5988.9
TQRKWEAARVAEQLRAYLE	HLA-A*02:06/8	24420.38
TQRKWEAARVAEQLRAYLE	HLA-A*02:06/9	7943.61
TQRKWEAARVAEQLRAYLE	HLA-A*02:06/10	107.63
TQRKWEAARVAEQLRAYLE	HLA-A*02:06/11	9991.74
TQRKWEAARVAEQLRAYLE	HLA-A*03:01/8	29344.52
TQRKWEAARVAEQLRAYLE	HLA-A*03:01/9	888.21
TQRKWEAARVAEQLRAYLE	HLA-A*03:01/10	4356.72
TQRKWEAARVAEQLRAYLE	HLA-A*03:01/11	16908.49
TQRKWEAARVAEQLRAYLE	HLA-A*11:01/8	32852.27
TQRKWEAARVAEQLRAYLE	HLA-A*11:01/9	3827.73
TQRKWEAARVAEQLRAYLE	HLA-A*11:01/10	8112.65
TQRKWEAARVAEQLRAYLE	HLA-A*11:01/11	21420.95
TQRKWEAARVAEQLRAYLE	HLA-A*23:01/8	37237.0
TQRKWEAARVAEQLRAYLE	HLA-A*23:01/9	21461.55
TQRKWEAARVAEQLRAYLE	HLA-A*23:01/10	22739.54
TQRKWEAARVAEQLRAYLE	HLA-A*23:01/11	20301.67
TQRKWEAARVAEQLRAYLE	HLA-A*24:02/8	37372.23
TQRKWEAARVAEQLRAYLE	HLA-A*24:02/9	28508.0
TQRKWEAARVAEQLRAYLE	HLA-A*24:02/10	21522.01
TQRKWEAARVAEQLRAYLE	HLA-A*24:02/11	7142.97
TQRKWEAARVAEQLRAYLE	HLA-A*26:01/8	4990.52
TQRKWEAARVAEQLRAYLE	HLA-A*26:01/9	1137.7
TQRKWEAARVAEQLRAYLE	HLA-A*26:01/10	813.43
TQRKWEAARVAEQLRAYLE	HLA-A*26:01/11	9009.78
TQRKWEAARVAEQLRAYLE	HLA-A*30:01/8	18299.15
TQRKWEAARVAEQLRAYLE	HLA-A*30:01/9	368.51
TQRKWEAARVAEQLRAYLE	HLA-A*30:01/10	1171.45
TQRKWEAARVAEQLRAYLE	HLA-A*30:01/11	22970.26
TQRKWEAARVAEQLRAYLE	HLA-A*30:02/8	7352.57
TQRKWEAARVAEQLRAYLE	HLA-A*30:02/9	95.38
TQRKWEAARVAEQLRAYLE	HLA-A*30:02/10	716.58
TQRKWEAARVAEQLRAYLE	HLA-A*30:02/11	3687.56
TQRKWEAARVAEQLRAYLE	HLA-A*31:01/8	992.22
TQRKWEAARVAEQLRAYLE	HLA-A*31:01/9	27.43
TQRKWEAARVAEQLRAYLE	HLA-A*31:01/10	2094.71
TQRKWEAARVAEQLRAYLE	HLA-A*31:01/11	11079.88
TQRKWEAARVAEQLRAYLE	HLA-A*32:01/8	33249.92
TQRKWEAARVAEQLRAYLE	HLA-A*32:01/9	187.0
TQRKWEAARVAEQLRAYLE	HLA-A*32:01/10	8828.65
TQRKWEAARVAEQLRAYLE	HLA-A*32:01/11	26125.78
TQRKWEAARVAEQLRAYLE	HLA-A*33:01/8	5128.91
TQRKWEAARVAEQLRAYLE	HLA-A*33:01/9	491.63
TQRKWEAARVAEQLRAYLE	HLA-A*33:01/10	583.08
TQRKWEAARVAEQLRAYLE	HLA-A*33:01/11	5041.54
TQRKWEAARVAEQLRAYLE	HLA-A*68:01/8	30478.39
TQRKWEAARVAEQLRAYLE	HLA-A*68:01/9	2727.5
TQRKWEAARVAEQLRAYLE	HLA-A*68:01/10	7.88
TQRKWEAARVAEQLRAYLE	HLA-A*68:01/11	148.76
TQRKWEAARVAEQLRAYLE	HLA-A*68:02/8	27863.32
TQRKWEAARVAEQLRAYLE	HLA-A*68:02/9	15.38
TQRKWEAARVAEQLRAYLE	HLA-A*68:02/10	368.71
TQRKWEAARVAEQLRAYLE	HLA-A*68:02/11	7276.44
TQRKWEAARVAEQLRAYLE	HLA-B*07:02/8	13386.4
TQRKWEAARVAEQLRAYLE	HLA-B*07:02/9	3589.46
TQRKWEAARVAEQLRAYLE	HLA-B*07:02/10	216.45
TQRKWEAARVAEQLRAYLE	HLA-B*07:02/11	5405.82
TQRKWEAARVAEQLRAYLE	HLA-B*08:01/8	11564.93
TQRKWEAARVAEQLRAYLE	HLA-B*08:01/9	7175.9
TQRKWEAARVAEQLRAYLE	HLA-B*08:01/10	5070.09
TQRKWEAARVAEQLRAYLE	HLA-B*08:01/11	14065.71
TQRKWEAARVAEQLRAYLE	HLA-B*15:01/8	7610.12
TQRKWEAARVAEQLRAYLE	HLA-B*15:01/9	76.71
TQRKWEAARVAEQLRAYLE	HLA-B*15:01/10	162.97
TQRKWEAARVAEQLRAYLE	HLA-B*15:01/11	4308.16
TQRKWEAARVAEQLRAYLE	HLA-B*35:01/8	11553.3
TQRKWEAARVAEQLRAYLE	HLA-B*35:01/9	146.31
TQRKWEAARVAEQLRAYLE	HLA-B*35:01/10	7342.4
TQRKWEAARVAEQLRAYLE	HLA-B*35:01/11	9461.15
TQRKWEAARVAEQLRAYLE	HLA-B*40:01/8	3817.39
TQRKWEAARVAEQLRAYLE	HLA-B*40:01/9	6902.88
TQRKWEAARVAEQLRAYLE	HLA-B*40:01/10	21.59
TQRKWEAARVAEQLRAYLE	HLA-B*40:01/11	380.76
TQRKWEAARVAEQLRAYLE	HLA-B*44:02/8	1105.47
TQRKWEAARVAEQLRAYLE	HLA-B*44:02/9	1002.32
TQRKWEAARVAEQLRAYLE	HLA-B*44:02/10	725.17
TQRKWEAARVAEQLRAYLE	HLA-B*44:02/11	15261.8
TQRKWEAARVAEQLRAYLE	HLA-B*44:03/8	4538.35
TQRKWEAARVAEQLRAYLE	HLA-B*44:03/9	5909.66
TQRKWEAARVAEQLRAYLE	HLA-B*44:03/10	2485.93
TQRKWEAARVAEQLRAYLE	HLA-B*44:03/11	14628.19
TQRKWEAARVAEQLRAYLE	HLA-B*51:01/8	28794.73
TQRKWEAARVAEQLRAYLE	HLA-B*51:01/9	16720.02
TQRKWEAARVAEQLRAYLE	HLA-B*51:01/10	26577.12
TQRKWEAARVAEQLRAYLE	HLA-B*51:01/11	33737.69
TQRKWEAARVAEQLRAYLE	HLA-B*53:01/8	35609.69
TQRKWEAARVAEQLRAYLE	HLA-B*53:01/9	14065.4
TQRKWEAARVAEQLRAYLE	HLA-B*53:01/10	25919.41
TQRKWEAARVAEQLRAYLE	HLA-B*53:01/11	41575.14
TQRKWEAARVAEQLRAYLE	HLA-B*57:01/8	23481.88
TQRKWEAARVAEQLRAYLE	HLA-B*57:01/9	7114.9
TQRKWEAARVAEQLRAYLE	HLA-B*57:01/10	8680.22
TQRKWEAARVAEQLRAYLE	HLA-B*57:01/11	8386.82
TQRKWEAARVAEQLRAYLE	HLA-B*58:01/8	9773.2
TQRKWEAARVAEQLRAYLE	HLA-B*58:01/9	1257.96
TQRKWEAARVAEQLRAYLE	HLA-B*58:01/10	1227.65
TQRKWEAARVAEQLRAYLE	HLA-B*58:01/11	2038.39
EALLHFRTHCFNWHSPTYE	HLA-A*01:01/8	24424.08
EALLHFRTHCFNWHSPTYE	HLA-A*01:01/9	10120.01
EALLHFRTHCFNWHSPTYE	HLA-A*01:01/10	10073.15
EALLHFRTHCFNWHSPTYE	HLA-A*01:01/11	18057.04
EALLHFRTHCFNWHSPTYE	HLA-A*02:01/8	24963.5
EALLHFRTHCFNWHSPTYE	HLA-A*02:01/9	5671.18
EALLHFRTHCFNWHSPTYE	HLA-A*02:01/10	4100.85
EALLHFRTHCFNWHSPTYE	HLA-A*02:01/11	14795.17
EALLHFRTHCFNWHSPTYE	HLA-A*02:03/8	19258.99
EALLHFRTHCFNWHSPTYE	HLA-A*02:03/9	4847.05
EALLHFRTHCFNWHSPTYE	HLA-A*02:03/10	7164.03
EALLHFRTHCFNWHSPTYE	HLA-A*02:03/11	18810.86
EALLHFRTHCFNWHSPTYE	HLA-A*02:06/8	26499.01
EALLHFRTHCFNWHSPTYE	HLA-A*02:06/9	1184.67
EALLHFRTHCFNWHSPTYE	HLA-A*02:06/10	2106.03
EALLHFRTHCFNWHSPTYE	HLA-A*02:06/11	14380.08
EALLHFRTHCFNWHSPTYE	HLA-A*03:01/8	17711.83
EALLHFRTHCFNWHSPTYE	HLA-A*03:01/9	4923.75
EALLHFRTHCFNWHSPTYE	HLA-A*03:01/10	3792.52
EALLHFRTHCFNWHSPTYE	HLA-A*03:01/11	16174.64
EALLHFRTHCFNWHSPTYE	HLA-A*11:01/8	22746.92
EALLHFRTHCFNWHSPTYE	HLA-A*11:01/9	8404.36
EALLHFRTHCFNWHSPTYE	HLA-A*11:01/10	16286.86
EALLHFRTHCFNWHSPTYE	HLA-A*11:01/11	26072.7
EALLHFRTHCFNWHSPTYE	HLA-A*23:01/8	5572.52
EALLHFRTHCFNWHSPTYE	HLA-A*23:01/9	341.21
EALLHFRTHCFNWHSPTYE	HLA-A*23:01/10	741.57
EALLHFRTHCFNWHSPTYE	HLA-A*23:01/11	9090.56
EALLHFRTHCFNWHSPTYE	HLA-A*24:02/8	10321.83
EALLHFRTHCFNWHSPTYE	HLA-A*24:02/9	1720.26
EALLHFRTHCFNWHSPTYE	HLA-A*24:02/10	2339.98
EALLHFRTHCFNWHSPTYE	HLA-A*24:02/11	12221.69
EALLHFRTHCFNWHSPTYE	HLA-A*26:01/8	26309.03
EALLHFRTHCFNWHSPTYE	HLA-A*26:01/9	10596.82
EALLHFRTHCFNWHSPTYE	HLA-A*26:01/10	14837.32
EALLHFRTHCFNWHSPTYE	HLA-A*26:01/11	22261.9
EALLHFRTHCFNWHSPTYE	HLA-A*30:01/8	2030.11
EALLHFRTHCFNWHSPTYE	HLA-A*30:01/9	11.04
EALLHFRTHCFNWHSPTYE	HLA-A*30:01/10	76.34
EALLHFRTHCFNWHSPTYE	HLA-A*30:01/11	3821.27
EALLHFRTHCFNWHSPTYE	HLA-A*30:02/8	2353.55
EALLHFRTHCFNWHSPTYE	HLA-A*30:02/9	118.26
EALLHFRTHCFNWHSPTYE	HLA-A*30:02/10	175.2
EALLHFRTHCFNWHSPTYE	HLA-A*30:02/11	817.84
EALLHFRTHCFNWHSPTYE	HLA-A*31:01/8	1331.34
EALLHFRTHCFNWHSPTYE	HLA-A*31:01/9	622.25
EALLHFRTHCFNWHSPTYE	HLA-A*31:01/10	486.8
EALLHFRTHCFNWHSPTYE	HLA-A*31:01/11	4423.46
EALLHFRTHCFNWHSPTYE	HLA-A*32:01/8	16075.37
EALLHFRTHCFNWHSPTYE	HLA-A*32:01/9	851.19
EALLHFRTHCFNWHSPTYE	HLA-A*32:01/10	762.32
EALLHFRTHCFNWHSPTYE	HLA-A*32:01/11	4679.97
EALLHFRTHCFNWHSPTYE	HLA-A*33:01/8	25353.29
EALLHFRTHCFNWHSPTYE	HLA-A*33:01/9	4343.4
EALLHFRTHCFNWHSPTYE	HLA-A*33:01/10	3013.1
EALLHFRTHCFNWHSPTYE	HLA-A*33:01/11	11118.31
EALLHFRTHCFNWHSPTYE	HLA-A*68:01/8	33933.55
EALLHFRTHCFNWHSPTYE	HLA-A*68:01/9	8130.31
EALLHFRTHCFNWHSPTYE	HLA-A*68:01/10	5233.51
EALLHFRTHCFNWHSPTYE	HLA-A*68:01/11	28248.54
EALLHFRTHCFNWHSPTYE	HLA-A*68:02/8	23730.91
EALLHFRTHCFNWHSPTYE	HLA-A*68:02/9	1526.74
EALLHFRTHCFNWHSPTYE	HLA-A*68:02/10	358.01
EALLHFRTHCFNWHSPTYE	HLA-A*68:02/11	10212.08
EALLHFRTHCFNWHSPTYE	HLA-B*07:02/8	33469.38
EALLHFRTHCFNWHSPTYE	HLA-B*07:02/9	11106.52
EALLHFRTHCFNWHSPTYE	HLA-B*07:02/10	21742.48
EALLHFRTHCFNWHSPTYE	HLA-B*07:02/11	24677.23
EALLHFRTHCFNWHSPTYE	HLA-B*08:01/8	255.29
EALLHFRTHCFNWHSPTYE	HLA-B*08:01/9	12.61
EALLHFRTHCFNWHSPTYE	HLA-B*08:01/10	64.23
EALLHFRTHCFNWHSPTYE	HLA-B*08:01/11	742.21
EALLHFRTHCFNWHSPTYE	HLA-B*15:01/8	4494.67
EALLHFRTHCFNWHSPTYE	HLA-B*15:01/9	49.74
EALLHFRTHCFNWHSPTYE	HLA-B*15:01/10	153.98
EALLHFRTHCFNWHSPTYE	HLA-B*15:01/11	10853.84
EALLHFRTHCFNWHSPTYE	HLA-B*35:01/8	893.02
EALLHFRTHCFNWHSPTYE	HLA-B*35:01/9	33.53
EALLHFRTHCFNWHSPTYE	HLA-B*35:01/10	246.41
EALLHFRTHCFNWHSPTYE	HLA-B*35:01/11	4546.56
EALLHFRTHCFNWHSPTYE	HLA-B*40:01/8	26902.6
EALLHFRTHCFNWHSPTYE	HLA-B*40:01/9	17105.76
EALLHFRTHCFNWHSPTYE	HLA-B*40:01/10	21095.94
EALLHFRTHCFNWHSPTYE	HLA-B*40:01/11	29903.81
EALLHFRTHCFNWHSPTYE	HLA-B*44:02/8	23043.43
EALLHFRTHCFNWHSPTYE	HLA-B*44:02/9	5922.02
EALLHFRTHCFNWHSPTYE	HLA-B*44:02/10	8212.62
EALLHFRTHCFNWHSPTYE	HLA-B*44:02/11	24743.0
EALLHFRTHCFNWHSPTYE	HLA-B*44:03/8	27266.26
EALLHFRTHCFNWHSPTYE	HLA-B*44:03/9	15642.13
EALLHFRTHCFNWHSPTYE	HLA-B*44:03/10	11118.43
EALLHFRTHCFNWHSPTYE	HLA-B*44:03/11	27780.24
EALLHFRTHCFNWHSPTYE	HLA-B*51:01/8	23773.57
EALLHFRTHCFNWHSPTYE	HLA-B*51:01/9	18636.03
EALLHFRTHCFNWHSPTYE	HLA-B*51:01/10	25896.97
EALLHFRTHCFNWHSPTYE	HLA-B*51:01/11	27030.39
EALLHFRTHCFNWHSPTYE	HLA-B*53:01/8	8232.19
EALLHFRTHCFNWHSPTYE	HLA-B*53:01/9	4617.5
EALLHFRTHCFNWHSPTYE	HLA-B*53:01/10	3251.41
EALLHFRTHCFNWHSPTYE	HLA-B*53:01/11	17164.72
EALLHFRTHCFNWHSPTYE	HLA-B*57:01/8	15786.48
EALLHFRTHCFNWHSPTYE	HLA-B*57:01/9	5204.99
EALLHFRTHCFNWHSPTYE	HLA-B*57:01/10	887.96
EALLHFRTHCFNWHSPTYE	HLA-B*57:01/11	6496.98
EALLHFRTHCFNWHSPTYE	HLA-B*58:01/8	15012.86
EALLHFRTHCFNWHSPTYE	HLA-B*58:01/9	6141.8
EALLHFRTHCFNWHSPTYE	HLA-B*58:01/10	2628.25
EALLHFRTHCFNWHSPTYE	HLA-B*58:01/11	13590.13
